<?xml version="1.0" encoding="utf-8"?>
<TableLayout xmlns:android="http://schemas.android.com/apk/res/android"
    xmlns:app="http://schemas.android.com/apk/res-auto"
    xmlns:tools="http://schemas.android.com/tools"
    android:layout_width="match_parent"
    android:layout_height="match_parent"
    tools:context=".CategoryActivity">
    <View
        android:layout_width="match_parent"
        android:layout_height="1dp"/>
    <TableRow
        android:layout_width="match_parent"
        android:layout_height="0dp"
        android:layout_weight="1">
        <Button
            android:layout_width="0dp"
            android:layout_height="match_parent"
            android:layout_weight="1"
            android:text="카메라/가전"
            android:id="@+id/category0">
        </Button>
        <Button
            android:layout_width="0dp"
            android:layout_height="match_parent"
            android:layout_weight="1"
            android:text="가구"
            android:id="@+id/category1">
        </Button>
        <Button
            android:layout_width="0dp"
            android:layout_height="match_parent"
            android:layout_weight="1"
            android:text="컴퓨터"
            android:id="@+id/category2">
        </Button>
    </TableRow>

    <TableRow
        android:layout_width="match_parent"
        android:layout_height="0dp"
        android:layout_weight="1">
        <Button
            android:layout_width="0dp"
            android:layout_height="match_parent"
            android:layout_weight="1"
            android:text="의류/액서세리"
            android:id="@+id/category3">
        </Button>
        <Button
            android:layout_width="0dp"
            android:layout_height="match_parent"
            android:layout_weight="1"
            android:text="스포츠"
            android:id="@+id/category4">
        </Button>
        <Button
            android:layout_width="0dp"
            android:layout_height="match_parent"
            android:layout_weight="1"
            android:text="주방/생활"
            android:id="@+id/category5">
        </Button>
    </TableRow>

    <TableRow
        android:layout_width="match_parent"
        android:layout_height="0dp"
        android:layout_weight="1">
        <Button
            android:layout_width="0dp"
            android:layout_height="match_parent"
            android:layout_weight="1"
            android:text="음향/악기"
            android:id="@+id/category6">
        </Button>
        <Button
            android:layout_width="0dp"
            android:layout_height="match_parent"
            android:layout_weight="1"
            android:text="도서"
            android:id="@+id/category7">
        </Button>
        <Button
            android:layout_width="0dp"
            android:layout_height="match_parent"
            android:layout_weight="1"
            android:text="게임/완구"
            android:id="@+id/category8">
        </Button>
    </TableRow>

</TableLayout>