<resources>
    <string name="app_name">FirebaseEmail</string>

    <string name="email">이메일</string>
    <string name="password">비밀번호</string>

    <string name="signin">로그인</string>
    <string name="success_login">로그인 성공</string>
    <string name="failed_login">로그인 실패</string>

    <string name="signup">회원가입</string>
    <string name="success_signup">회원가입 성공</string>
    <string name="failed_signup">회원가입 실패</string>
    <string name="permission_1">[설정] > [권한] 에서 권한을 허용할 수 있습니다.</string>

    <string name="permission_2">사진 및 파일을 저장하기 위하여 접근 권한이 필요합니다.</string>
</resources>
